SPORT,FERRARI F8 2021,SPORT_FERRARI_F8_2021_1.jpg,SPORT_FERRARI_F8_2021_2.jpg,SPORT_FERRARI_F8_2021_3.jpg
SPORT,LAMBORGHINI GALLARDO 2020,SPORT_LAMBORGHINI_GALLARDO_2020_1.jpg,SPORT_LAMBORGHINI_GALLARDO_2020_2.jpg,SPORT_LAMBORGHINI_GALLARDO_2020_3.jpg
SPORT,AUDI R8 2021,SPORT_AUDI_R8_2021_1.jpg,SPORT_AUDI_R8_2021_2.jpg,SPORT_AUDI_R8_2021_3.jpg
LUXURY,MERCEDES S CLASS,LUXURY_MERCEDES_S_CLASS_1.jpg,LUXURY_MERCEDES_S_CLASS_2.jpg,LUXURY_MERCEDES_S_CLASS_3.jpg
LUXURY,AUDI A8,LUXURY_AUDI_A8_1.jpg,LUXURY_AUDI_A8_2.jpg,LUXURY_AUDI_A8_3.jpg
LUXURY,BMW 5 SERIES,LUXURY_BMW_5_SERIES_1.jpg,LUXURY_BMW_5_SERIES_2.jpg,LUXURY_BMW_5_SERIES_3.jpg
LUXURY,VW PASSAT B9,LUXURY_VW_PASSAT_B9_1.jpg,LUXURY_VW_PASSAT_B9_2.jpg,LUXURY_VW_PASSAT_B9_3.jpg
VAN,MERCEDES V CLASS,VAN_MERCEDES_V_CLASS_1.jpg,VAN_MERCEDES_V_CLASS_2.jpg,VAN_MERCEDES_V_CLASS_3.jpg
VAN,VW R LINE,VAN_VW_R_LINE _1.jpg,VAN_VW_R_LINE _2.jpg,VAN_VW_R_LINE _3.jpg
VAN,BMW X 7,VAN_BMW_X7_1.jpg,VAN_BMW_X7_2.jpg,VAN_BMW_X7_3.jpg
VAN,HYUNDAI H-1,VAN_HYUNDAI_H_1_1.jpg,VAN_HYUNDAI_H_1_2.jpg,VAN_HYUNDAI_H_1_3.jpg